{"max":1.3489233255386353,"peaks":[1.0409846305847168,0.8966687917709351,0.9891205430030823,1.0700128078460693,0.9358992576599121,0.8271517157554626,1.1957553625106812,0.9742463827133179,1.0479563474655151,1.1840040683746338,1.014198660850525,0.913705587387085,1.0921642780303955,1.100034475326538,0.935664713382721,0.883101761341095,0.8695809841156006,0.9264496564865112,0.9014085531234741,0.9949079155921936,1.1327378749847412,0.9915135502815247,1.055167317390442,0.9235475063323975,0.9530503749847412,1.0347427129745483,1.0632915496826172,1.0355604887008667,1.1569180488586426,1.068678855895996,0.8785962462425232,1.028583288192749,1.1474394798278809,0.789487898349762,0.9437345862388611,1.0336968898773193,1.3489233255386353,1.0425081253051758,1.1118700504302979,1.2080994844436646,1.0512584447860718,1.1436396837234497,0.8870100378990173,0.998005211353302,1.305113434791565,0.9018110632896423,1.0308336019515991,1.090668797492981,0.9174155592918396,1.0689337253570557,1.0962040424346924,1.0097392797470093,0.7745197415351868,0.9358377456665039,0.9074485898017883,0.871738076210022,0.8871486783027649,1.0229569673538208,1.0061885118484497,0.8683085441589355,0.8513237237930298,0.9993293881416321,0.9578913450241089,0.9451332092285156,0.8528164029121399,0.7366467118263245,0.9719592928886414,0.7642577290534973,1.009868860244751,0.9468094706535339,1.0931980609893799,1.0866516828536987,1.082195520401001,0.9858672022819519,0.882603108882904,1.0570663213729858,1.0062494277954102,1.2195943593978882,1.1369162797927856,1.0175995826721191,0.8670342564582825,1.028104543685913,1.1538989543914795,1.017210602760315,1.0419656038284302,1.1897636651992798,1.0047024488449097,1.0166199207305908,0.9766040444374084,1.2145212888717651,1.0578128099441528,1.21284019947052,1.1422377824783325,0.8975363373756409,1.1187224388122559,0.3701779842376709,0.00834005605429411,0.0033416119404137135,0.0011004256084561348,0.00030642308411188424]}