{"max":0.2702107222337635,"peaks":[0.1588972309055904,0.18812343854046776,0.19912635342994842,0.24831765961583613,0.19172646247939368,0.14905004489309703,0.2702107222337635,0.19203672313778972,0.19145370589880778,0.24542681239106914,0.18628744571450187,0.17469693481653065,0.21228250286530778,0.2394618789748554,0.18301251565260895,0.20443364415608306,0.18212313879674663,0.16522300327917622,0.18113056211504125,0.20646369052954103,0.1754919915481481,0.20641467433220184,0.25488708483846834,0.1890580688924846,0.15936166192501225,0.23427954116925873,0.20223331732899,0.20976081179639822,0.22913251212743335,0.1714438051013384,0.1677618644178027,0.20359100844041766,0.20239724829214117,0.17675751796383682,0.20849685027690748,0.2057155377455538,0.2219120965889573,0.23464371294375172,0.22908218459115945,0.18131389835720993,0.22815945947392466,0.2413043523897836,0.18308350254948755,0.18816144288844877,0.2538938198366539,0.20724859289826422,0.1877868263662358,0.2562711466940872,0.19230414888680278,0.21121743309325253,0.20492036803820685,0.16736306002192666,0.12702998041248365,0.14502911669120508,0.14570173033393619,0.17097384143406272,0.1652136364254853,0.14348013520343816,0.17331190240155497,0.15886373539613474,0.13663914333776703,0.1450590694117939,0.15979634618334143,0.16424097854241462,0.1546788930758081,0.16474910282168578,0.1686534906719578,0.14890789010585723,0.17968740489143692,0.15675814828503815,0.23061649350543867,0.194293136038767,0.25922124234928084,0.2044966602510991,0.17983675419959977,0.23186262152561246,0.2368945452615571,0.20867713218423664,0.2354598237026408,0.26303468799873864,0.20590993828818233,0.20922902745480731,0.25040698494703334,0.20433753580527242,0.20012500516951406,0.2641675919591116,0.20525243933860637,0.20976984746044594,0.25493238884737995,0.22077611298566474,0.21552519554761904,0.2442152329183122,0.22787691414177455,0.22625208523938656,0.23707577245680794,0.021711296788604093,0.002008724713807155,0.000685639143523695,0.00022435996823740107,0.00007025873312088159]}