{"max":0.9899186491966248,"peaks":[0.33447906374931335,0.4352937340736389,0.3727206587791443,0.5249296426773071,0.3254852592945099,0.4063035249710083,0.368495374917984,0.69339919090271,0.5775988101959229,0.612263023853302,0.630789041519165,0.6755176782608032,0.7161487340927124,0.7428136467933655,0.6012179851531982,0.6442402601242065,0.7201652526855469,0.6214123368263245,0.7668673992156982,0.7194997072219849,0.5579084753990173,0.7496209740638733,0.950151264667511,0.8555846810340881,0.667154848575592,0.8981241583824158,0.7841383814811707,0.9879375696182251,0.6321900486946106,0.5817788243293762,0.5645424127578735,0.7683092951774597,0.7973799109458923,0.6573517322540283,0.757729709148407,0.780326247215271,0.7471790909767151,0.6077346205711365,0.8070961833000183,0.7409859299659729,0.5837159752845764,0.8825365304946899,0.7282731533050537,0.8094140291213989,0.7135281562805176,0.7784105539321899,0.8257482647895813,0.9288467764854431,0.6379424929618835,0.8259029388427734,0.7155415415763855,0.8215365409851074,0.6482036113739014,0.697057843208313,0.7287788391113281,0.8805117011070251,0.9379441738128662,0.9031556248664856,0.843134880065918,0.9193850755691528,0.891785204410553,0.760989248752594,0.6659358143806458,0.9899186491966248,0.6452586650848389,0.5875912308692932,0.7502567768096924,0.8535874485969543,0.721439003944397,0.6338617205619812,0.696867823600769,0.7169773578643799,0.7355030179023743,0.6455449461936951,0.7260279059410095,0.796161949634552,0.8132030367851257,0.818110466003418,0.7408151626586914,0.7443537712097168,0.7995824217796326,0.8158197402954102,0.8217914700508118,0.9487584233283997,0.5338864922523499,0.6226860880851746,0.5778707265853882,0.5458637475967407,0.6239851713180542,0.6229279041290283,0.3841042220592499,0.4017180800437927,0.44784310460090637,0.46097034215927124,0.37484872341156006,0.5077294707298279,0.43946704268455505,0.16426512598991394,0.044790755957365036,0.010112186893820763]}