{"max":0.17884679187360772,"peaks":[0.03651797526114191,0.07859129632541698,0.09525686566046714,0.0685165277395576,0.08084747715393675,0.08538210220447238,0.08471394462526913,0.11938955890184143,0.1309458357379196,0.10885065694983229,0.10130211358138404,0.12162077908683451,0.12139531934983043,0.11668458462008728,0.12646428735608514,0.12269691275798714,0.11100996556951434,0.11766888502126699,0.13038424398348766,0.11552178186912436,0.09935469076581961,0.14468570985011883,0.1402428094780607,0.1052439757891716,0.13583527696960468,0.14898815384732692,0.12076787658441779,0.14263991073926494,0.12345726591518648,0.12633279509265183,0.11588744286515268,0.12896582920682495,0.12144479299146729,0.10706629265438887,0.12737424979863826,0.1263359181894536,0.1209012336184973,0.1094085421722817,0.12379272883254994,0.12345348750333107,0.10652077640759079,0.1414429663495809,0.14858107307785368,0.12902644451451925,0.12109625287576292,0.15109806005603554,0.13603407163021433,0.15390712088845795,0.10601141771603616,0.1413376319073139,0.1417476214641242,0.13097077055414982,0.12170800036528948,0.12758794678472693,0.12759695474328345,0.13718939181843848,0.17884679187360772,0.1759631761971281,0.16060350579409458,0.15111468434645375,0.16922593172375727,0.156018522876453,0.14764356173172563,0.15078854706745579,0.12328137679204162,0.10442051352158147,0.11735444927916452,0.12480946998702847,0.11998381781095623,0.11380484426372683,0.11894896617189794,0.12241447954401267,0.10130957260812533,0.12445309707682112,0.12667314006646202,0.10591424912056367,0.09945281587445216,0.14518617003646916,0.15133933394708007,0.1269304949300317,0.13037114344251208,0.15476076545446682,0.13219191781570996,0.1313027353697511,0.06452610707447054,0.07205200614446633,0.0715165911684798,0.08143215010154707,0.07119352494101806,0.07511298300547378,0.0752317671061941,0.0654355489900648,0.07408944693228717,0.07245250916221103,0.06757691613468755,0.0777663118039937,0.07482650045681666,0.0452647212422593,0.012580333519545406,0.002175977145999324]}