{"max":0.14813317045950647,"peaks":[0.015993545790718433,0.08061747894706446,0.08923379456593987,0.0764456157322459,0.04091075703934733,0.06615380838906965,0.08149329705986058,0.1102929455634515,0.08922875323977841,0.09987560220378963,0.08885403423289955,0.11553149030485597,0.05532409217069704,0.11114573948044612,0.08137829337062083,0.09890022925276433,0.0906475830390388,0.11066680125556029,0.06009981327482933,0.09491434418573998,0.10451189902633422,0.10169481727659495,0.060104134860724474,0.13061386695861651,0.14813317045950647,0.1267840063449963,0.1239196832915136,0.08671357773828889,0.14668008293770832,0.10642319174270146,0.06769870587059439,0.06683633464063948,0.11984314195435032,0.11105799242003328,0.1015631564670178,0.10502200928410778,0.0780177530762116,0.08996323465121671,0.10739921749469887,0.09978606788551733,0.10925321341988088,0.06978128294602767,0.08539463321444705,0.061353565354739764,0.08639712077386695,0.0925873066211898,0.10562453683170396,0.09072943572329353,0.13178880716459287,0.1075244725232582,0.12687596301928997,0.12448997301599198,0.0732188561081995,0.10882417063366798,0.0939291030514086,0.09250054609588974,0.12266930317953738,0.1009252093309404,0.09646987527878949,0.06876659947417464,0.06098001622294972,0.07953613030448911,0.06865796160751521,0.03980659932739507,0.06113843036483894,0.06412833137600395,0.08645627640791397,0.0856718671387076,0.07364884561379091,0.06698700323525003,0.12130540805995592,0.09726728963194708,0.06842565479114332,0.05649112613245848,0.08066058614415937,0.06407901024755269,0.09902345045173638,0.07744216500178547,0.12506395629081296,0.11067820877407948,0.07896212695449446,0.09752837190766034,0.07648065860520031,0.050244613719127876,0.09639579341926104,0.07082444653699509,0.13614191659214062,0.1074006207718008,0.07645898365596515,0.12698993750343673,0.11406629390565051,0.060239374395036405,0.06806768643781885,0.05355727372858754,0.04193070696964482,0.07970274247527119,0.028394304861680392,0.010136149784093254,0.00005032318301911032,0.000002961212326748629]}