{"max":1.0845181941986084,"peaks":[0.24153223633766174,0.6257421374320984,0.5834096074104309,0.622593104839325,0.2572106719017029,0.5388475060462952,0.58582603931427,0.5701040029525757,0.6695003509521484,0.4629316031932831,0.6971135139465332,0.676123321056366,0.42685016989707947,0.5495913028717041,0.5496517419815063,0.4602121114730835,0.7054254412651062,0.7185001373291016,0.606481671333313,0.4761259853839874,0.6500731110572815,0.6730138063430786,0.6382994651794434,1.0845181941986084,0.7479646801948547,0.6418761014938354,0.7514593005180359,0.6091183423995972,0.7443974018096924,0.5836765766143799,0.6682257652282715,0.41149982810020447,0.7303341031074524,0.686604917049408,0.5630156993865967,0.5225772261619568,0.5645904541015625,0.5299749374389648,0.5994839072227478,0.6489031910896301,0.6733955144882202,0.6546340584754944,0.6400101184844971,0.6718804240226746,0.6315978169441223,0.7078450322151184,0.6587816476821899,0.3633959889411926,0.8982500433921814,0.8406417965888977,0.7147800326347351,0.703316330909729,0.4085800051689148,0.5641420483589172,0.591472864151001,0.4472566545009613,0.6617497205734253,0.5349331498146057,0.5328329801559448,0.5379841923713684,0.4899062216281891,0.7073658108711243,0.5613402724266052,0.29238176345825195,0.40995946526527405,0.5609598755836487,0.7631710171699524,0.8263906240463257,0.4817955493927002,0.5371096730232239,0.8055265545845032,0.6174970269203186,0.4668358862400055,0.4649961292743683,0.6472756266593933,0.4379304349422455,0.47594529390335083,0.5112218856811523,0.8708655834197998,0.5481351613998413,0.4487629532814026,0.7843002080917358,0.4577018618583679,0.5567142963409424,0.6619418263435364,0.5162509083747864,0.7305633425712585,0.6415712237358093,0.7730027437210083,0.6996474266052246,0.6187590956687927,0.49287477135658264,0.49457108974456787,0.47888028621673584,0.5750483274459839,0.43238869309425354,0.13415983319282532,0.2803161144256592,0.000507804739754647,0.000021156576622161083]}