{"max":1.1531405448913574,"peaks":[0.31801411509513855,0.3124120235443115,0.32666492462158203,0.3563379943370819,0.4494047462940216,0.36352869868278503,0.4285747706890106,0.4087812602519989,0.6016997694969177,0.6440408825874329,0.3661891222000122,0.46267691254615784,0.37715259194374084,0.4921149015426636,0.53188556432724,0.7778275609016418,1.0895287990570068,0.8385810256004333,1.0243334770202637,0.987006664276123,0.8163807392120361,1.0400879383087158,1.0820366144180298,1.068990707397461,1.0341380834579468,1.126037836074829,0.9684630036354065,0.8420826196670532,1.0723800659179688,1.000333309173584,0.7906272411346436,1.1242228746414185,0.959052562713623,1.0171960592269897,1.0346312522888184,1.102813482284546,1.035997986793518,1.0716724395751953,1.0115936994552612,1.0775548219680786,0.9697573184967041,1.0903867483139038,0.9873664975166321,0.9205544590950012,1.0285627841949463,1.0552390813827515,1.105044960975647,0.9405300617218018,0.9801479578018188,0.8203397393226624,1.032951831817627,1.0253440141677856,1.0747621059417725,1.0334856510162354,0.9740146398544312,0.9530434608459473,1.071585774421692,0.9011723399162292,0.919433057308197,0.9302528500556946,1.043391227722168,1.0773935317993164,1.0989928245544434,1.0902177095413208,0.8436504006385803,1.0267277956008911,1.124737024307251,0.8944780826568604,1.0806955099105835,1.0135563611984253,0.980023205280304,1.1237807273864746,0.9032946825027466,0.9777610898017883,1.1161218881607056,0.9577785134315491,1.0106350183486938,1.0703166723251343,1.1531405448913574,1.0272853374481201,0.8591198921203613,1.0174168348312378,0.9002611041069031,0.8902398347854614,1.0947787761688232,1.1019028425216675,1.0840893983840942,0.7691205143928528,1.0305466651916504,1.0954371690750122,1.0448839664459229,0.7671477198600769,0.8162122368812561,1.079930067062378,0.846081554889679,1.0220848321914673,1.0243666172027588,0.07273595035076141,0.0016701045678928494,0.00031439773738384247]}