{"max":0.2655099200391313,"peaks":[0.02400263055641341,0.03376973857899359,0.03163631374730728,0.03509536435754921,0.036622882523182354,0.03821386463540578,0.037821499965309896,0.03654388204502706,0.08360471062579386,0.100063838893367,0.08583095605856961,0.09019893273624154,0.07123060171956255,0.09504434090022468,0.0842843385284733,0.1147694011142297,0.14876413125625923,0.1502025881606734,0.1356774483624255,0.14598268613583748,0.198473136129776,0.1916212583880465,0.17488896321251093,0.2655099200391313,0.18350499467029116,0.1802424713210805,0.14799873542128597,0.15352278079915124,0.23753563028215569,0.16340194431289365,0.1866584613037139,0.25270489798182616,0.13929211815947634,0.22014019808219906,0.14793582169840544,0.1464701977242214,0.14161913094473674,0.15639001652969167,0.1970548506362017,0.23708503351090882,0.1521925709880441,0.21538788280899016,0.14535953624910194,0.13312366180389276,0.1288782957774351,0.1598284175137821,0.18474225577130254,0.2232848449968886,0.1036625799643738,0.0931555021734409,0.09393523949397928,0.1655206407581438,0.12385673557863155,0.11852148520891419,0.10175041440847836,0.15503256309796526,0.17083461355945395,0.15653532576617757,0.16278395675802299,0.18081567830429715,0.16558742637153684,0.17296253046363952,0.18699052568168575,0.24533150525050743,0.1589765707111303,0.13821064304106634,0.16971201404126257,0.1710851233412137,0.15470631341983687,0.1787359890415819,0.2086054394365053,0.23260919736373808,0.17839938887807313,0.17924219916507433,0.1484540867394423,0.14609759166119718,0.18192306669453895,0.21028844622578283,0.2602479790380768,0.1798121016856991,0.13784511612709444,0.11100021924603445,0.12489750116963538,0.11927593610769155,0.12810813590791975,0.19717360548149973,0.22148464763093062,0.16567731789672005,0.1828424315137922,0.14547504583329954,0.20510869626305517,0.1840610501530396,0.18814273520150382,0.2114435995146527,0.21091523338452245,0.17816130079175344,0.11172994506948701,0.013354567504649983,0.0005907920351519931,0.00010454676468138305]}