{"max":1.0209946632385254,"peaks":[0.16589108109474182,0.27995380759239197,0.6459440588951111,0.5071154236793518,0.6707370281219482,0.5393013954162598,0.4152120053768158,0.28706926107406616,0.2907494306564331,0.4094628691673279,0.4856744706630707,0.40059900283813477,0.696736216545105,0.3172397017478943,0.6353240013122559,0.4872015118598938,0.32512161135673523,0.2647501826286316,0.1980055570602417,0.4376232624053955,0.35239845514297485,0.4159744083881378,0.7363049387931824,0.4776606261730194,0.5460343360900879,0.45997354388237,0.30442389845848083,0.33857718110084534,0.23040704429149628,0.447083443403244,0.34972429275512695,0.7502521276473999,0.5621834993362427,0.8100908994674683,0.6119207739830017,0.4971958100795746,0.3549192249774933,0.37108904123306274,0.29537466168403625,0.7299317717552185,0.6914507746696472,0.8820879459381104,0.7094093561172485,0.9418157339096069,0.7657365202903748,0.6805824637413025,0.6513926982879639,0.4602181315422058,0.6282972097396851,0.8274587392807007,0.746370255947113,0.7496939301490784,0.5171093940734863,0.880994975566864,0.6516568064689636,0.6544206738471985,0.7036847472190857,0.5263856649398804,0.5844458341598511,0.7842885851860046,0.5850955247879028,0.7930750846862793,0.5392141342163086,0.758062481880188,0.686198353767395,0.5703705549240112,0.549741804599762,0.6943579912185669,0.6493828892707825,0.669927179813385,0.9647079706192017,0.6766159534454346,0.9808194637298584,0.7828724980354309,0.6517866253852844,0.5660262703895569,0.4295192062854767,0.5821020007133484,0.9670554399490356,0.6040809750556946,1.0129172801971436,1.0209946632385254,0.6488282084465027,0.5524773597717285,0.41757526993751526,0.4231947660446167,0.2345232516527176,0.06372929364442825,0.0462549552321434,0.0484352633357048,0.047045446932315826,0.05089874565601349,0.03738759830594063,0.00947293359786272,0.0018778125522658229,0.00035160439438186586,0.00008677131700096652,0.00002623437649162952,0.000001261423221876612,1.8372402621480433e-7]}