{"max":0.2251398001972097,"peaks":[0.023231629682064513,0.07663033570018504,0.13274659728903956,0.11526150576660228,0.1155784548919844,0.15143999877813633,0.09929666117727558,0.07920621060724833,0.08006805637172525,0.08607440323003056,0.12380021243547179,0.09817926824666885,0.14346031520520947,0.09202625995481377,0.11179652335164982,0.13393062182645593,0.08932838234130394,0.07394210047235586,0.07170246427078,0.10648665553486435,0.11673841480691348,0.10260183269370476,0.15302924143049856,0.09188120126179534,0.12885336608295084,0.11881936558324907,0.08132054392618399,0.07421219650630716,0.069128348924291,0.1115421353834605,0.10121049941156153,0.13096983403051218,0.13198728956601652,0.12298817139441766,0.16142232216982821,0.12198662335377679,0.09902593612071561,0.09611978476768261,0.08868423477126543,0.1710703577621318,0.18789617981676635,0.18478013574484292,0.1687858059861781,0.17773369210584586,0.2003981830757589,0.17806975628014454,0.1527100805536784,0.12935619234588294,0.17003603963562128,0.1914561848217923,0.18036473029963532,0.1794423607428338,0.12938473438492534,0.18447218155692247,0.17457049763956653,0.16172771384711518,0.15672487962309636,0.15219608324123382,0.1613436266061207,0.175535076764013,0.1549847539582896,0.18713705511247286,0.12935696567878882,0.1948078935512874,0.17223467642800636,0.135959346022556,0.14119534703834793,0.13047105927982616,0.17157898505718994,0.17301232434971206,0.1597403997954012,0.1674366083120788,0.16539530907040847,0.19192856981949397,0.1714203342234887,0.14743671317594204,0.11884667308434256,0.139408897271548,0.18577928248086684,0.16682512808680966,0.2251398001972097,0.20530847568958388,0.1699810463741774,0.1594231933448195,0.11253409523417253,0.12343879468856461,0.04261253850080757,0.01601979620639573,0.01616184102814679,0.013591916961240702,0.01492006623101052,0.019049026300120824,0.01586240483195634,0.0022773481964673413,0.0005298124219198172,0.00009617464507770327,0.000025993421328514087,0.000003260259113092299,2.2939258641919438e-7,8.163916036552874e-8]}