{"max":0.26377722346764426,"peaks":[0.18834910072569683,0.24836932190945674,0.2164389424378529,0.24644652936319822,0.22798450715250898,0.26173634299069415,0.21813432483097875,0.2244084953051781,0.21118273242098168,0.1738927635316869,0.16751116943187028,0.17735817723682587,0.22344633802835087,0.23709315316607316,0.24192274345766113,0.2085862876080202,0.22497338743708764,0.19212565730605505,0.155383308288709,0.2064528128463666,0.21977442823633003,0.22624468771092937,0.21594705637919984,0.18065839500855188,0.20496616179980967,0.26377722346764426,0.24032582323862237,0.25816571643034014,0.23777533395234063,0.243406470645735,0.21726490204817722,0.2225090767487275,0.2377999420422936,0.18158190577976405,0.1829260510142273,0.21387722712327525,0.23656158460485127,0.22961131493693632,0.23872664525864473,0.24847706226187685,0.262325385107707,0.18011416732829075,0.18239212402583901,0.18076356871472124,0.23758544013742,0.22611691153661187,0.22705463401201562,0.2096902354176883,0.21389664381721707,0.21441643875761734,0.23537975179068193,0.2438379172235454,0.21500636936534726,0.26225553659531864,0.24197133318424754,0.22697512619828242,0.2562656606508393,0.2203773108725087,0.16734611733377575,0.2108723374107221,0.2527368492577147,0.23052994148115974,0.2079602743478206,0.23022586199804734,0.21409765891514046,0.2195589090765655,0.21192902003888583,0.21460594379565406,0.19397738722680294,0.26225677681099085,0.20889509664679712,0.24071674177498312,0.1770476874192159,0.20170939909937002,0.18070398318186476,0.2522883007804602,0.18793244882421822,0.24762049786816961,0.1872213441084935,0.2194309367686076,0.20382218313228856,0.19691822705200226,0.17837798842133568,0.19040645820273142,0.19282752939717077,0.22729891475940178,0.2055572572803482,0.24760413368903383,0.22273707476655816,0.199758516276741,0.15133522723409806,0.16946327342187806,0.1693478496096547,0.23137129788545474,0.2024389907583254,0.2002797953395095,0.2033402297477736,0.12390741206667999,0.00201816131284076,0.000043697389262079207]}