{"max":1.4004366397857666,"peaks":[1.1848236322402954,1.2823002338409424,1.263702392578125,0.9354323744773865,1.2087794542312622,1.2103303670883179,1.0198107957839966,1.2695834636688232,1.2957630157470703,1.0866371393203735,1.1313401460647583,1.2244988679885864,1.2131494283676147,1.0183244943618774,0.9684446454048157,1.1802418231964111,1.279653787612915,1.2972228527069092,1.0589540004730225,1.097255825996399,1.2609971761703491,0.9044983386993408,1.0962377786636353,1.39692223072052,1.25551176071167,1.2017021179199219,1.248833179473877,1.0867503881454468,1.2416813373565674,1.166533350944519,1.0228931903839111,1.2886780500411987,1.2750682830810547,1.3778818845748901,1.2118550539016724,1.1522845029830933,1.1072410345077515,0.8731662034988403,1.1709997653961182,1.4004366397857666,1.3145482540130615,0.9932063221931458,1.0925204753875732,0.8112667798995972,1.3046927452087402,0.784267783164978,1.2723842859268188,1.194345474243164,1.2411487102508545,1.097391963005066,1.237426996231079,1.3146201372146606,1.235271692276001,0.9688161611557007,1.108234167098999,1.1762890815734863,1.2686437368392944,1.0084898471832275,1.0876798629760742,1.233660340309143,1.1891082525253296,0.9482375383377075,0.9795980453491211,1.0214725732803345,1.3228622674942017,0.9972156286239624,1.2306808233261108,1.2092887163162231,1.2851134538650513,1.2591149806976318,1.1315655708312988,1.3920315504074097,1.3164851665496826,0.9062355756759644,1.2897415161132812,1.1783958673477173,1.3380088806152344,1.1690016984939575,1.024661898612976,0.8445179462432861,1.1580743789672852,1.2856918573379517,1.1737604141235352,1.0751146078109741,1.2391947507858276,1.1828621625900269,1.112977385520935,0.9274005889892578,1.2032743692398071,0.9884943962097168,1.3123453855514526,1.3546329736709595,1.3019932508468628,1.1436735391616821,0.9606868028640747,1.312406063079834,1.2144688367843628,0.9748366475105286,0.013814635574817657,0.0007842618506401777]}