{"max":0.8437485098838806,"peaks":[0.2391878217458725,0.12142428755760193,0.17040488123893738,0.1477767676115036,0.21660089492797852,0.1649821549654007,0.18156254291534424,0.17853960394859314,0.1564485877752304,0.18253666162490845,0.1388322412967682,0.13760539889335632,0.10747812688350677,0.5758484601974487,0.6622095108032227,0.5330561995506287,0.6660076975822449,0.5661775469779968,0.7083046436309814,0.5807698369026184,0.677267849445343,0.594780445098877,0.559036135673523,0.6555569767951965,0.6683405041694641,0.5842775702476501,0.5829600095748901,0.5794175267219543,0.6309443712234497,0.5451512336730957,0.597913920879364,0.6054704189300537,0.6884629726409912,0.7535858154296875,0.7322943806648254,0.6333732008934021,0.504719078540802,0.6109473705291748,0.6238090991973877,0.6560330390930176,0.6831820011138916,0.6462059020996094,0.7476968169212341,0.6809428334236145,0.687182605266571,0.6391677856445312,0.6029110550880432,0.6106612682342529,0.5844359993934631,0.6950544714927673,0.7213792204856873,0.6876118183135986,0.603443443775177,0.6726141571998596,0.6378989815711975,0.6313580870628357,0.720521867275238,0.725085437297821,0.5570874810218811,0.5311342477798462,0.6799687147140503,0.8437485098838806,0.7258987426757812,0.69951993227005,0.7443605661392212,0.6473063826560974,0.6599240303039551,0.6962425112724304,0.671531081199646,0.5914797186851501,0.7175568342208862,0.6394270658493042,0.7749091982841492,0.7813860774040222,0.7286219000816345,0.7393898963928223,0.7461035251617432,0.716196596622467,0.6807098388671875,0.8353920578956604,0.5859478116035461,0.6432638168334961,0.6857067942619324,0.7187565565109253,0.7354668974876404,0.7040213346481323,0.6459325551986694,0.7324474453926086,0.6024128794670105,0.7470135688781738,0.6898657083511353,0.6022383570671082,0.7196567058563232,0.6609189510345459,0.5821429491043091,0.7103750705718994,0.7262424826622009,0.6259639859199524,0.11379555612802505,0.0010593440383672714]}