{"max":0.11072702919042235,"peaks":[0.03973139750156068,0.040355764990801464,0.04494530950935295,0.04482659172238279,0.04967182834502894,0.042409377278006324,0.04079707555761748,0.04390118032575311,0.04050692971118629,0.046277029209393826,0.04600253246167834,0.04300367776939298,0.02634063602225228,0.08648806381264805,0.06342690671148503,0.07257473756151857,0.08418692895605205,0.06849660122547309,0.07365521761335325,0.07002489181571489,0.06967438272367513,0.07969856242434666,0.0747010977161726,0.07841261133899982,0.08040488876656951,0.06688492259516887,0.07097016505916777,0.0750344940596229,0.07146442656581353,0.07733187011836405,0.06993789781189214,0.08333837909008923,0.09970267336529046,0.07694710216636025,0.08921425514061257,0.1042260603402575,0.06541341975909275,0.06333354560752102,0.08719280140488954,0.07641890314797584,0.08526836494319723,0.08417593326466209,0.0856386346010895,0.08380753727127595,0.08132089658870903,0.07771613721209147,0.08842377752257026,0.08411937631595136,0.07110584640623112,0.09409049566747178,0.10499288999210776,0.08108068973365375,0.06958014569977365,0.08370313012757351,0.07985003776725588,0.06929022441828195,0.08114936127747822,0.09319796593009816,0.06770363991987281,0.07468383163162835,0.10304496425124528,0.09524503986266729,0.0986292947485515,0.0994392019700789,0.08789822887173392,0.08544706948935675,0.08255228938084051,0.09586975708898247,0.104416917190938,0.09077182231981629,0.08630824887217738,0.09360796003159087,0.10038201484025756,0.08469179271773349,0.0998895999644311,0.11072702919042235,0.09803371819972498,0.07030022517284694,0.08260085579055616,0.10582741248318205,0.07942654839759777,0.0842097353030443,0.08270649657831283,0.08247832762105756,0.07459640185551815,0.0948238998310546,0.0982757848325156,0.10962542077149758,0.09104572539701969,0.09855957421024875,0.09213944079617233,0.08140454332863202,0.09862354496842451,0.08678926949827657,0.08215278822374092,0.1054056187311521,0.0793367511456053,0.0774989757639375,0.00910330364054541,0.00011271715246893014]}