{"max":0.3131848024941899,"peaks":[0.13616188985480715,0.151551742435818,0.17801592913415148,0.12760915329380915,0.13427949602977235,0.15924358616687365,0.13626885329311497,0.16578079919963654,0.13809071409988716,0.13439474740504248,0.22374995412444537,0.18903883167648805,0.22744802164457628,0.174488707876602,0.18257678741253655,0.1963690376693885,0.18117707148390383,0.21396958055420728,0.18312636843052693,0.19675151060407953,0.21897801952324525,0.16950367576078135,0.1927442575854615,0.16501084480570008,0.16837137790088125,0.24488646508018524,0.18494145642673973,0.20295119389856567,0.19570605864671978,0.1813176747704474,0.2504297633378415,0.19477492061675056,0.26422921466382804,0.17743960528590938,0.18652565533349907,0.21945170161572905,0.18882937590891755,0.23641217822946164,0.3131848024941899,0.2576174980768601,0.2524097955850868,0.183573576123379,0.3097368116013745,0.16663053277029408,0.18660311070332128,0.23480508299723055,0.16931672589247612,0.2452350871790661,0.29888393054074014,0.2639062614378101,0.2299854537889548,0.1903268821331575,0.28252737041043613,0.21391631160657237,0.17071349981828646,0.23682728830033917,0.17584259928655882,0.2546477551009126,0.17413765147668142,0.2102066770887714,0.23350351091461224,0.19048881811201343,0.25895599152281734,0.19909274616718378,0.2154881044570843,0.23674167419178269,0.16198338795715927,0.23523622463276517,0.14417561745922036,0.20480454151376062,0.13492896095259477,0.11206006657508646,0.09850432154857051,0.08567032934440026,0.10743289731187629,0.09391631781626315,0.0962720556271095,0.09183308454330591,0.10529902385870989,0.09612560591186949,0.10317881039700182,0.11088363635139263,0.09550097125852212,0.08782558394622259,0.10761300141153347,0.09046289354475671,0.09226916178935443,0.09841303490537277,0.09178824579679036,0.15790934264607326,0.19427924188812437,0.01197098721144267,0.00027255588781892684,0.00000511591027611571,6.085468570551175e-7,8.88256059039721e-8,2.67541134942322e-8,0,0,0]}