{"max":1.1239217519760132,"peaks":[0.567699670791626,0.6592492461204529,0.734565258026123,0.6855563521385193,0.5541447401046753,0.7093403935432434,0.5742448568344116,0.8219873309135437,0.6066665053367615,0.7574491500854492,0.7286422252655029,0.586377739906311,0.9954777359962463,0.7674660086631775,0.5749771595001221,0.7378203272819519,0.546674370765686,0.8131168484687805,0.7916629314422607,0.7910481691360474,0.7582714557647705,0.5092775225639343,0.5962764620780945,0.6594216227531433,0.5069795250892639,0.7239947319030762,0.5924381017684937,0.7716625332832336,1.0898371934890747,0.8720128536224365,0.9737213850021362,0.6296737790107727,0.9704553484916687,0.6920257806777954,0.6662996411323547,0.8096010088920593,0.6414974331855774,0.7640142440795898,0.7414056658744812,0.6863090395927429,0.9672799110412598,0.6909589171409607,1.0535207986831665,0.7978663444519043,0.7047535181045532,0.811171293258667,0.7998837232589722,0.8291165232658386,0.7372870445251465,0.8234676122665405,0.7242279052734375,1.0106912851333618,1.006653070449829,0.7542514801025391,0.8269883394241333,0.8684492707252502,0.8694456815719604,1.0528619289398193,0.7425958514213562,1.1239217519760132,0.831356942653656,0.74836266040802,0.8584230542182922,0.9535024762153625,0.8348873853683472,0.8455464243888855,0.7643053531646729,0.8496068716049194,0.629797637462616,1.0039570331573486,0.5822908282279968,0.6814405918121338,0.6942896842956543,0.4919183850288391,0.5820296406745911,0.6070393919944763,0.5622960925102234,0.4512712359428406,0.6005513072013855,0.6160728931427002,0.6246333718299866,0.6758266091346741,0.49330082535743713,0.5672939419746399,0.6812796592712402,0.5482252836227417,0.6867586970329285,0.7082571387290955,0.6340839266777039,0.7971704602241516,0.9761767387390137,0.09669718891382217,0.003168945200741291,0.000041375093132955953,0.000004301975423004478,1.191898419961035e-7,0,0,0,0]}