{"max":0.832259476184845,"peaks":[0.48820361495018005,0.4718214273452759,0.5388997793197632,0.44962942600250244,0.6710100173950195,0.5607661604881287,0.6335838437080383,0.6842169761657715,0.6733759641647339,0.6283462643623352,0.772710919380188,0.6883385181427002,0.73680180311203,0.5447320342063904,0.7319713234901428,0.4804981052875519,0.5914629101753235,0.46428635716438293,0.6599490642547607,0.6229762434959412,0.6422220468521118,0.7048026919364929,0.6024172902107239,0.6569791436195374,0.49439093470573425,0.6614420413970947,0.6421951651573181,0.530164361000061,0.6552485227584839,0.6283919215202332,0.5855400562286377,0.5634469985961914,0.5713858008384705,0.546940803527832,0.5438339114189148,0.5628703832626343,0.6914682984352112,0.6709983944892883,0.47647517919540405,0.5419146418571472,0.684537947177887,0.6688008904457092,0.6881624460220337,0.6230266690254211,0.7926650643348694,0.6602696776390076,0.5309626460075378,0.5689042210578918,0.5832419395446777,0.5298569202423096,0.6595836877822876,0.49483662843704224,0.6350288987159729,0.5105715990066528,0.4917795658111572,0.5211188793182373,0.7943059802055359,0.5873239040374756,0.6585816144943237,0.5806965231895447,0.5550247430801392,0.6236766576766968,0.5236380100250244,0.457736611366272,0.7025684714317322,0.6596105694770813,0.6494340300559998,0.6859213709831238,0.5553322434425354,0.6568278074264526,0.5870517492294312,0.6464449167251587,0.6523078083992004,0.5700563788414001,0.7082626819610596,0.6272479295730591,0.47530511021614075,0.45709726214408875,0.832259476184845,0.6536937952041626,0.6303987503051758,0.7534751296043396,0.5726867318153381,0.6798208355903625,0.5222033858299255,0.5452815294265747,0.5752816796302795,0.698035478591919,0.5497065782546997,0.5896257758140564,0.7352412343025208,0.6293901205062866,0.47590649127960205,0.0011783780064433813,0.00011955052468692884,0.00006382013816619292,0,0,0,0]}