{"max":0.12125865488807362,"peaks":[0.06891396638264526,0.06428226126810833,0.06841725941175854,0.07651017546662839,0.07781550896717779,0.07607568311679615,0.07849867713370558,0.08807583893840354,0.0792922648871654,0.07252774207648663,0.07909662199665704,0.08313845257572545,0.09101802321866938,0.07803780561928172,0.07627210895688652,0.07031740746951001,0.07152357527368318,0.06751220824698471,0.07657208160598872,0.07283258576746929,0.06818819617316352,0.06354362647958291,0.0826916033285694,0.07141863171114766,0.06978701725648725,0.07116986411010304,0.06974833951918782,0.06615518672451189,0.06853493088131928,0.09053377827676987,0.07753721215358166,0.07286791910806611,0.06791486713093917,0.06442512785063449,0.07059419593344411,0.07531379488380685,0.08047647549843562,0.09027068517839935,0.08327664037427628,0.08031138612172148,0.07559437141983404,0.08397966602929285,0.08680205045737957,0.08247315842207893,0.07008077991278087,0.07439352934435475,0.07416679009392917,0.06750939977665149,0.08309553137307919,0.07419717048514683,0.07449435009408203,0.06927825281695689,0.09754208543760398,0.06720411150284884,0.07158078997131047,0.06957842857480488,0.07415156331342831,0.07253256673206983,0.07202970772160384,0.08048983244015996,0.0745364777332529,0.06784636580631417,0.06642278158263365,0.0675480320445848,0.08157216351638091,0.07410286495611848,0.07654540470445723,0.08969989914899568,0.07026708128379981,0.10359167209758728,0.07019320011011346,0.0838493077380478,0.08895546410553277,0.07810864386383891,0.07129745192776554,0.07585242879641256,0.07014820621670788,0.07116623054670985,0.11013404776564951,0.0857477706599891,0.06894948777938098,0.0728208864397583,0.07137579547574364,0.12125865488807362,0.07389103022597102,0.06902788168806247,0.06953550320962873,0.08233727838497701,0.07897824864071173,0.07413375345903336,0.07905943038090037,0.06778397119638443,0.015869234732252158,0.0001660550167270059,0.000020123110133321615,0.0000016111611238265858,9.48632159355e-9,0,0,0]}