{"max":1.118508219718933,"peaks":[0.13304220139980316,0.1380608230829239,0.16276970505714417,0.17479997873306274,0.1942315548658371,0.18796242773532867,0.25559869408607483,0.22311243414878845,0.33476385474205017,0.6374319791793823,1.0027018785476685,0.6831270456314087,0.6305645704269409,0.635994017124176,0.5032663941383362,0.5667816400527954,0.6001476645469666,0.49905431270599365,0.5762239694595337,0.7398821711540222,0.6445419788360596,0.6601420640945435,0.7208007574081421,0.5495796203613281,0.673505961894989,0.642335832118988,0.569807231426239,0.6883505582809448,0.8513761758804321,0.6334388256072998,0.605135977268219,0.6241105794906616,0.5460944175720215,0.7334792017936707,0.7007613778114319,0.9793540835380554,0.7307752966880798,0.6254768371582031,0.6906477212905884,0.6512274742126465,0.7828855514526367,0.657335638999939,0.598361074924469,0.7717894315719604,0.8303479552268982,0.804980456829071,0.8958591818809509,1.118508219718933,0.7611209154129028,0.8528797626495361,0.7670637965202332,0.802178680896759,0.8158248662948608,0.8563265204429626,0.8207436203956604,0.8456874489784241,0.8379449248313904,0.8293985724449158,1.0110743045806885,0.9904075264930725,1.0272506475448608,0.9465046525001526,0.7259289026260376,0.7343270182609558,0.8645968437194824,0.8468409180641174,0.8811591863632202,0.6265439391136169,0.8877893090248108,0.7539309859275818,0.757817268371582,0.818194568157196,1.044823408126831,0.9111993908882141,0.8364768028259277,0.8458880186080933,0.820348858833313,0.7684051990509033,0.8426514863967896,0.7958502769470215,0.9448187947273254,1.0041788816452026,0.8705074191093445,0.9117236137390137,0.965233564376831,0.8527457118034363,1.077669620513916,0.7592592835426331,0.9662430882453918,1.0316593647003174,0.8855434656143188,1.0482685565948486,0.7243800759315491,0.12124312669038773,0.035897236317396164,0.01384981069713831,0.006551797967404127,0.0033369758166372776,0.0012257444905117154,0.0004017948522232473]}