{"max":0.27213237296013504,"peaks":[0.014465631880590074,0.03677620270089354,0.041284488123213434,0.03830567779834108,0.04514875097028353,0.04940449263805116,0.06529611883168085,0.06528129096787831,0.08210240583236195,0.09867984931971396,0.2039429200677355,0.17657699996912504,0.1502455056299151,0.16144346481909536,0.1418621710965204,0.144045183297383,0.15358223395115084,0.12573454504947804,0.1513881946159314,0.14997024865784236,0.170067947547208,0.16396883313600707,0.15536138764278826,0.14707552537830548,0.16296107193337492,0.15331158589201155,0.1504499881751342,0.1714094823843579,0.1967475590828923,0.13117786698364337,0.14718810213967126,0.14993838081795915,0.14096001620606805,0.19606621001932267,0.17345494640043657,0.26434753519362597,0.1963885790853165,0.1569215581925815,0.16428936444610956,0.14908219381697702,0.19120891134683876,0.16757718498826155,0.15904619735113232,0.21030582003202994,0.23570379011902504,0.204423684116245,0.21113617728249975,0.2409533785177242,0.21826706437986826,0.20734204986625507,0.20280195647150448,0.21158753723316057,0.20709471635781915,0.2103880597736341,0.20259984403053782,0.21013396844218984,0.20442995519576376,0.21012797846465997,0.24235254176578827,0.19302744146585737,0.23161037953678332,0.19756336483049433,0.18149633851604152,0.18951921068729324,0.22172581138286995,0.2270268876313875,0.1947157254220966,0.17562276983873223,0.19889128087809363,0.197335908537107,0.206495056483439,0.233996241800715,0.2682901454435363,0.27213237296013504,0.20892246203013254,0.20239881388695813,0.1688992127602662,0.20220760667886495,0.2209049042681064,0.20227452165201226,0.21732191607753432,0.2623507491039952,0.26926908936686267,0.21690905131172253,0.23989260628171005,0.21798174638673617,0.24846435050986923,0.21479002041884823,0.23462394092725017,0.22304210489332993,0.24243024806273622,0.26276015433642913,0.14311189145273318,0.03054032325425765,0.01166954553027519,0.004849033239029881,0.002158863855004473,0.0009291427177901061,0.00033992076206260503,0.00007932322027969241]}