{"max":1.3852458000183105,"peaks":[1.1570013761520386,0.45523548126220703,0.5743502378463745,0.32738444209098816,0.33772632479667664,0.41280704736709595,1.3852458000183105,0.8129554390907288,0.41744622588157654,0.4150407612323761,0.24168385565280914,0.21053336560726166,1.2284773588180542,0.9575600028038025,0.7019311189651489,0.4977788031101227,0.617554783821106,0.6528448462486267,1.2764294147491455,0.6192546486854553,0.44677069783210754,0.3998183310031891,0.26433464884757996,0.700125515460968,1.1516865491867065,0.9300819039344788,0.7555466294288635,0.6188679337501526,0.8260294198989868,0.6027077436447144,0.7160791754722595,1.1194311380386353,0.4445466697216034,0.3470160961151123,0.22028930485248566,0.37211552262306213,0.3967113494873047,1.2682466506958008,0.5352064967155457,0.7996920943260193,0.6547076106071472,0.8375707864761353,0.5240083932876587,1.3021494150161743,0.7298426628112793,0.48877474665641785,0.7047818303108215,0.39228367805480957,0.7734195590019226,1.3337748050689697,0.8987903594970703,0.4326954185962677,0.6329236626625061,0.42386195063591003,0.5815730094909668,0.3990386128425598,1.358176350593567,0.8322014808654785,0.5923064947128296,0.5780483484268188,0.43881961703300476,0.6738773584365845,1.1630542278289795,0.5351479053497314,0.7774723768234253,0.42132076621055603,0.5643250346183777,0.4719769358634949,1.2528694868087769,0.5857962965965271,0.4554538428783417,0.7544997930526733,0.2797488272190094,0.38952168822288513,1.1979047060012817,0.7793511152267456,0.43969467282295227,0.5876994132995605,0.3756454288959503,0.6978580951690674,0.33299335837364197,1.3607022762298584,0.7264177203178406,0.5992574691772461,0.6019970774650574,0.602181613445282,0.6512100100517273,1.2983368635177612,0.5229314565658569,0.7557842135429382,0.4112260937690735,0.6589998006820679,0.43984848260879517,0.34720784425735474,0.4828255772590637,0.7508544325828552,0.6653545498847961,0.23564596474170685,0.12778890132904053,0.05521437153220177]}