{"max":0.18694940244969238,"peaks":[0.16785607285574572,0.09774147604788411,0.10252790812950992,0.07870311782117759,0.07583007877339577,0.08624155024936546,0.1767220448364688,0.1615688495166065,0.1190533183717299,0.09685398803745304,0.07389722834411543,0.06311726980791144,0.1457619042591867,0.15049929169131937,0.12966568002963408,0.13757213988215725,0.10058412971644462,0.10379997794898503,0.1078486240529934,0.1259276077506763,0.07237778620262394,0.07553461207339743,0.05263248945408519,0.06942858292652698,0.08881567679073796,0.18025424469100704,0.1726532548718363,0.12245404537554887,0.13096450664295498,0.1471983053161692,0.18198960670099731,0.14262209083813232,0.12412531265887693,0.08056585167391778,0.053102540535902173,0.06817436616691949,0.0897742647791054,0.15341717477620684,0.09394612917821812,0.09135768282295534,0.17238532065095452,0.11412885228043004,0.10757582971541464,0.1476087076663955,0.12906292546529513,0.1095952842170094,0.15571102273063903,0.09005629429830062,0.13610256788928604,0.09101806137117724,0.18694940244969238,0.11138634263837455,0.1415159242504863,0.08714064134516959,0.0812464282471338,0.07086968274162957,0.15315230328709004,0.17072180777956214,0.13367368499337726,0.1607191706225552,0.10327976114091636,0.09521637384515189,0.12993869681696293,0.10721264422121538,0.13871350791324255,0.10137503468683183,0.12172484606242605,0.0984611099198345,0.12227552961849691,0.14569256728925195,0.11379522545759858,0.17058521679003302,0.061404002788164186,0.08178171025379871,0.07941692681062723,0.16863591821937243,0.10893946949570278,0.1428303648224782,0.08444893964121526,0.08343515353181555,0.06940391643603729,0.16213737691566454,0.16901487326445702,0.1369231839140829,0.15932698928859138,0.10458973121333434,0.09982382033444828,0.15086377586706906,0.10619192092655369,0.12942562974147634,0.10510633964839879,0.12201973040623061,0.09210587150022889,0.07731096672386333,0.10298257112353022,0.10459386998688565,0.16583893376075548,0.054190638286321466,0.03537400481640658,0.0033542149169082398]}