{"max":0.6564055681228638,"peaks":[0.5611817240715027,0.540358304977417,0.5866892337799072,0.6011273860931396,0.47353407740592957,0.6353935599327087,0.5462066531181335,0.5893245935440063,0.4913441240787506,0.5426946878433228,0.49257078766822815,0.5978501439094543,0.5344518423080444,0.5005944967269897,0.5425422787666321,0.5778988599777222,0.5640816688537598,0.6297298073768616,0.5310326218605042,0.48087379336357117,0.5458032488822937,0.53965824842453,0.5260488986968994,0.6171901226043701,0.4592363238334656,0.43003973364830017,0.49301478266716003,0.4624551832675934,0.4657319486141205,0.4989680349826813,0.46623221039772034,0.4261975586414337,0.44489148259162903,0.4118104875087738,0.4676487445831299,0.5366244316101074,0.5550589561462402,0.5354489684104919,0.5055256485939026,0.5851789116859436,0.4765823185443878,0.5757712721824646,0.5441777110099792,0.6207163333892822,0.5712319016456604,0.4838399291038513,0.5995084047317505,0.505164384841919,0.5827590823173523,0.4811622202396393,0.5938922762870789,0.6037918925285339,0.6504896283149719,0.552325427532196,0.5074798464775085,0.5028443336486816,0.5263758301734924,0.5500973463058472,0.5390994548797607,0.5951856970787048,0.547654390335083,0.5738381147384644,0.4895436465740204,0.5563680529594421,0.49615606665611267,0.4584139287471771,0.5600789785385132,0.5261198282241821,0.5411015152931213,0.42362263798713684,0.5584545731544495,0.6200856566429138,0.4435279965400696,0.45477643609046936,0.4786222577095032,0.5724164247512817,0.5556766390800476,0.5461568236351013,0.5935760736465454,0.5480058789253235,0.6457853317260742,0.5052956938743591,0.6564055681228638,0.5512300729751587,0.45717594027519226,0.5159088969230652,0.4866749048233032,0.46496525406837463,0.5662561655044556,0.4851459860801697,0.6019313931465149,0.5005688071250916,0.578538715839386,0.4170655310153961,0.5347588658332825,0.6503084301948547,0.4410329759120941,0.006978686898946762,0.00002052979834843427,7.465145017704344e-7]}