{"max":0.11878513174091306,"peaks":[0.10804396658803399,0.1159195038650347,0.09594471691010846,0.09464564982855721,0.0861010462264933,0.08572828242422309,0.10061577929025012,0.09747091472136828,0.0835990471130375,0.09278238334878028,0.08149575322110186,0.09256675158268944,0.10958224877789657,0.11031958417894998,0.11284900044959684,0.08699552123150604,0.09452885189024023,0.10674860122895716,0.09613542286472809,0.095099220307741,0.09856392371523638,0.0907917380446503,0.09429822675850977,0.09842315296309419,0.08629773355176432,0.09258358100265843,0.08785023280875252,0.09127226533438818,0.07123727786845009,0.08034559810422275,0.10713680526925264,0.10152523787297592,0.09100003755487204,0.06323725930188095,0.0745570286877671,0.0909318508663587,0.10040585956364123,0.11317136479736829,0.10044481295632685,0.08711533525458348,0.08315089677939962,0.10596246210234611,0.09436656479951122,0.10477657255837357,0.09662792144406664,0.08258027450841815,0.09354717535343168,0.10219547860376946,0.09658291441047448,0.11135136355916402,0.09554845644543501,0.08642503471432784,0.08372376582487741,0.10146588152413234,0.09075013765620936,0.09865069650200604,0.09127105005955669,0.07330784276539232,0.06944018743951008,0.09015425332557507,0.07555876637089337,0.08348211189942971,0.09742909056012697,0.07179074978701025,0.09132613079012905,0.0949866461596014,0.08611572292889146,0.06666021188109739,0.07012998823737314,0.07024787846277307,0.07152582723650264,0.09230408160316683,0.08835294224826751,0.10729681807555382,0.10042380857494015,0.0921155850268702,0.07614097777934625,0.08513589224573796,0.11878513174091306,0.11289472106760978,0.10126912817516635,0.08682995531742721,0.0912908654606794,0.08724666269757433,0.07504998173066449,0.07548791280592725,0.08557244593388606,0.08575939416283253,0.07912360684540287,0.08797167745728761,0.08895424342392134,0.08585290271024938,0.06363731763222513,0.07426740200242805,0.07910102883175169,0.11354699355120541,0.05413584258285704,0.00038148099299344036,0.0000018592875462333439,6.790510742472179e-8]}