{"max":1.1383693218231201,"peaks":[0.26919102668762207,0.13796430826187134,0.2481273114681244,0.23328803479671478,0.5143430233001709,0.40798085927963257,0.42694756388664246,0.5012924671173096,0.4378621280193329,0.6917455792427063,0.6854123473167419,0.6565479040145874,0.8982123136520386,0.9958750605583191,0.6823217272758484,0.7480610609054565,0.7649056315422058,0.592646062374115,0.7164689898490906,0.7334638237953186,0.7899956107139587,0.9926542639732361,0.8850608468055725,0.9550177454948425,0.7506251931190491,0.7273204922676086,0.8366186618804932,0.8184118270874023,0.8305124044418335,0.8051748871803284,0.7651164531707764,0.8215261697769165,0.7056369781494141,0.6223140358924866,0.5400864481925964,0.9401112198829651,0.7237733006477356,0.8675581216812134,0.7162584662437439,1.1383693218231201,0.8070655465126038,0.7266958355903625,0.8166113495826721,0.6693371534347534,1.0667282342910767,0.6795027256011963,0.8826074600219727,0.8549322485923767,1.0324846506118774,0.7801222801208496,0.7405447959899902,0.690942645072937,0.9482220411300659,0.8120365738868713,0.9089502096176147,0.8381184339523315,0.900802493095398,0.6945041418075562,0.8284955620765686,0.6458731293678284,0.6378952264785767,0.6980271339416504,0.847699761390686,0.7625443339347839,0.7752930521965027,0.7868731617927551,0.7641079425811768,0.585817277431488,0.7220756411552429,0.5910857915878296,0.5174412131309509,0.5031452178955078,0.36488649249076843,0.23564982414245605,0.3396480977535248,0.2300914078950882,0.2425210177898407,0.40611597895622253,0.32549628615379333,0.22949740290641785,0.3449890613555908,0.34597864747047424,0.2850269377231598,0.4377296268939972,0.47616976499557495,0.3359248638153076,0.20720893144607544,0.21693412959575653,0.6529182195663452,0.4226035475730896,0.4390275478363037,0.20641779899597168,0.22429540753364563,0.30646055936813354,0.018574494868516922,0.000049846668844111264,0,0,0,0]}