{"max":0.2685787215469945,"peaks":[0.037948315546770445,0.028455534139716743,0.042552732116433706,0.053066855445219614,0.10472434237931229,0.1096410392887035,0.1124634770867446,0.11611965034943611,0.09505105506195019,0.17850172087147614,0.1752349924632495,0.1448566552463583,0.18513042938592336,0.23152227331333472,0.17783537396438373,0.18964005783982976,0.21648121597321304,0.16170054202225034,0.1675223388931918,0.16140949055232667,0.18681691104177428,0.20248289160427208,0.22423916054331886,0.1954640658760008,0.20573811600698627,0.21864082822217745,0.19546717218210716,0.19581534440863926,0.19983649385951283,0.18677320693673063,0.17197913210966534,0.17649842367662397,0.17250417466113538,0.17852344470816817,0.13386185482524698,0.1811642783004668,0.15392986576150505,0.17930144377679733,0.1654480453274669,0.23103357439045122,0.18545356435015367,0.15840387784671645,0.21517911280166702,0.1320463503471618,0.2685787215469945,0.17732617280779692,0.18040253130006406,0.17989944815402284,0.24090271706635216,0.16535737245800644,0.18620160045795878,0.16556825339892794,0.15071573662149085,0.20020031170120675,0.18465222543695742,0.2019287448611187,0.17778019011203589,0.19952863550697916,0.18080873548831386,0.17312582296594742,0.16399645740507549,0.1791632587793886,0.2122820777417057,0.180111501159362,0.1876622739050635,0.1812605377912808,0.18639853844014803,0.16453711412321756,0.19933264978063858,0.1432888194292807,0.13279382673033732,0.12035722748647829,0.0885394322148269,0.061700315209972253,0.06339304342816077,0.026292349580507232,0.08363150167131168,0.03962252372772096,0.03584432494048539,0.05034036555763832,0.08751039161411188,0.05093198672738137,0.03272576881453991,0.04777760015524678,0.12880097530312892,0.0702936458031032,0.027333169454925765,0.021908502912545265,0.12451830471757794,0.07755499274010794,0.05144750949364201,0.027666847144150485,0.037555303577187754,0.0375144558803052,0.0014449157786789108,0.0000031663403845204255,0,0,0,0]}