{"max":1.3029758930206299,"peaks":[1.3029758930206299,1.1001695394515991,0.9997683167457581,0.8477350473403931,0.8254311084747314,1.0491743087768555,0.9356176257133484,1.1301872730255127,0.7869221568107605,1.143723726272583,1.1017653942108154,1.0690240859985352,0.9913440346717834,0.9140840768814087,0.9347406029701233,1.1232807636260986,0.8857864141464233,1.0334088802337646,1.1461187601089478,1.0182430744171143,0.9781900644302368,1.036516547203064,0.9444538354873657,1.1816513538360596,0.9714630246162415,1.0525165796279907,0.923309326171875,0.8607543110847473,1.1154053211212158,0.853768527507782,0.7608722448348999,1.1517120599746704,0.8414609432220459,1.0472644567489624,0.9418822526931763,1.0144882202148438,1.103629469871521,0.788987934589386,0.9804823994636536,0.9286117553710938,0.9803102612495422,1.1225240230560303,0.9826022386550903,0.8961530923843384,0.966808557510376,0.9996631145477295,0.884159505367279,1.1937273740768433,0.8353003859519958,1.0325909852981567,1.1387275457382202,0.8848002552986145,1.1315380334854126,1.126129388809204,1.0542526245117188,1.1828911304473877,1.0762969255447388,1.0075159072875977,0.9350318908691406,0.856319010257721,0.9409857392311096,0.942878782749176,0.8919493556022644,1.1829921007156372,0.8776445388793945,1.0781488418579102,1.0813452005386353,0.9983422756195068,0.9731314182281494,1.0414869785308838,0.8448922038078308,0.9260036945343018,1.0082942247390747,0.8681198954582214,0.8266154527664185,1.015486240386963,0.8816213607788086,1.1308798789978027,0.9240630865097046,1.1033658981323242,0.9375712275505066,0.9336193203926086,0.9084424376487732,0.9537656307220459,1.100424885749817,0.9556407332420349,1.0998127460479736,1.062400221824646,1.1024808883666992,1.0235484838485718,1.1733884811401367,0.9665155410766602,1.0623462200164795,0.9514683485031128,0.861983060836792,1.1634936332702637,1.1547338962554932,0.1504054218530655,0.023907916620373726,4.231301588405664e-14]}