{"max":0.1838924155568972,"peaks":[0.16971901373159592,0.17321219445737396,0.16052276048854036,0.1613399384273498,0.151944928052256,0.17933466124180217,0.14393209278716773,0.15611016027645702,0.16786258137871993,0.16755261903712676,0.1642000906585876,0.1444894686063171,0.17720752565295228,0.16425875102423357,0.14802456179883652,0.14679183597500498,0.1552211708816942,0.14979049543876397,0.15222370088432943,0.15399203461927216,0.16915310508068263,0.1707399616947776,0.16598074250234834,0.1606862236397815,0.15223180985007526,0.1430047160662981,0.15041569827056614,0.14369160195780342,0.1589746192729418,0.1838924155568972,0.15528369472154802,0.15793578200412495,0.14864256732703063,0.1738629761660041,0.17732869405044585,0.17270680026022997,0.17586432878243743,0.15767410389008768,0.1584829265150072,0.16242917923629827,0.14782149145837334,0.1560864472263405,0.15292430385477035,0.17488369906836565,0.18088946370428782,0.14826707397943176,0.13468067094874508,0.15879629963359856,0.1540936211441564,0.1803841776491218,0.16214374691163247,0.14612176836448448,0.16799155523341538,0.13461712205116505,0.14543848257286635,0.14959885029225464,0.16367444967996841,0.18026729608057251,0.14613300021986023,0.14921378970053684,0.1640641424470376,0.1495527803115461,0.16778665186875083,0.14995868255989128,0.15541767340594012,0.15940061229111652,0.1361101060344931,0.17248600421797666,0.17029025999136618,0.15298890366666962,0.15480156869264466,0.1496467855017668,0.1472522556953226,0.16717966298700962,0.13620068980244945,0.16988062352627892,0.16376066947525983,0.13992819768530138,0.14881754293050822,0.16367867337880526,0.14819680690528478,0.18044345561344788,0.16162683074906364,0.16999278677939111,0.16785900386392785,0.14672392414669921,0.15163720305226927,0.1596495239162876,0.16543381000146548,0.18185532617224306,0.16365732606816175,0.17081346906575445,0.16642710328056387,0.14414200272473193,0.15721399702914304,0.17530175135785767,0.17855925819939725,0.025741175786408412,0.0023593430407513067,3.290712177592994e-9]}