{"max":0.20139771458900152,"peaks":[0.000006328515052041541,0.13733800186065762,0.14356733215257708,0.16346963683384383,0.1451355790822311,0.16621095768846977,0.14146719848998834,0.14894255641559329,0.15115465226809952,0.14663019120102477,0.16787707399890586,0.13924775170480072,0.1651301770697779,0.14597804289299335,0.1603336448877661,0.15776598319596843,0.15426739619622473,0.1693741763319857,0.1571991219429319,0.1731773604656939,0.15508322054757695,0.1738604536852793,0.18050716258193808,0.17740412133132316,0.18183398947113066,0.18467817648080176,0.18993290075772265,0.1826615601917474,0.1956939723337685,0.18973117304526793,0.18182152202033547,0.176688795539943,0.18556359907046777,0.1922501929950109,0.18698546168153138,0.19383864120279531,0.19717591040351257,0.18745704977613056,0.1750695410195081,0.18743724587414679,0.18699656386270325,0.18410190812771385,0.20139771458900152,0.18950526943372972,0.19405209108540827,0.17887590581260848,0.1863676145247913,0.18416231182287982,0.18731153206057005,0.18926011153901248,0.18719112057579443,0.10056376674774128,0.08257503660444604,0.08653625741612446,0.0830743731933517,0.08235675223812887,0.08627960818811993,0.08290041418174626,0.18683731102360374,0.17265742478655238,0.1762793185689449,0.16779241294371686,0.16703949327664439,0.171072102498823,0.14523733950322348,0.1929265706689897,0.17595693043411523,0.17717712369209104,0.168607197776628,0.16437048592057615,0.16638725194019952,0.15947068575602677,0.16361331888531636,0.16674783011353517,0.17092284620620965,0.17528377027018222,0.17308181281183543,0.17489713404364876,0.16567290650646158,0.17211640050008342,0.17657471808629358,0.17958795469490296,0.17618642160902334,0.1825188125646988,0.17660097024056973,0.1750922279588654,0.18577653931716945,0.17067816085323714,0.18236086976636712,0.17564900928608862,0.17823543864523034,0.17302072513705294,0.18801053758229705,0.17842083747635878,0.18362475459978328,0.1875892170367336,0.1770944354520769,0.1233844332834262,0.055458231730604976,0.0075252816363298135]}