{"max":0.945358395576477,"peaks":[0.000016131170923472382,0.9204369783401489,0.876550018787384,0.7672098278999329,0.8656917214393616,0.6684343218803406,0.89863121509552,0.7106308937072754,0.945358395576477,0.6490442156791687,0.7388260960578918,0.8946047425270081,0.7501363158226013,0.748864471912384,0.7056519389152527,0.8922795653343201,0.6447657346725464,0.7048655152320862,0.6782857775688171,0.6909008026123047,0.759931206703186,0.700670599937439,0.6820183992385864,0.7335854172706604,0.7395122051239014,0.6468373537063599,0.6726024150848389,0.6622883677482605,0.7252006530761719,0.7112230658531189,0.6849240064620972,0.6674086451530457,0.728064239025116,0.6820275783538818,0.705710232257843,0.6973381042480469,0.724062979221344,0.7063355445861816,0.6795294284820557,0.7112234234809875,0.6880035400390625,0.6309854984283447,0.7593156695365906,0.7669034600257874,0.6979964971542358,0.6486157178878784,0.7453578114509583,0.6995155215263367,0.6977841258049011,0.7325077056884766,0.7155562043190002,0.5367581844329834,0.45253536105155945,0.5026435852050781,0.4520523250102997,0.3765704035758972,0.5237978100776672,0.6463383436203003,0.7228021025657654,0.7032625079154968,0.7176125645637512,0.7602682113647461,0.6791288256645203,0.6916271448135376,0.5966278314590454,0.7619850635528564,0.7059927582740784,0.7006581425666809,0.6498128175735474,0.7603549361228943,0.7090219259262085,0.7545644044876099,0.7154059410095215,0.669262707233429,0.6122804284095764,0.6940829157829285,0.6662410497665405,0.7473269701004028,0.6404780745506287,0.6580431461334229,0.6287079453468323,0.7056628465652466,0.7336261868476868,0.7622801065444946,0.698535144329071,0.7337920069694519,0.6415493488311768,0.6261732578277588,0.7885510921478271,0.6965452432632446,0.6452227234840393,0.6632099747657776,0.6900807619094849,0.7559482455253601,0.7326589822769165,0.7007561326026917,0.6772585511207581,0.6260941624641418,0.14733262360095978,0.04038865864276886]}